Date,Article DOI,Review ID
2020-02-03T12:14:35.829826+00:00,10.1101/2019.12.13.875419,hypothesis:vjXYyEZ-EeqqLUNjM7f3Ug
2020-02-03T12:14:36.125564+00:00,10.1101/2019.12.13.875419,hypothesis:vmlMTkZ-EeqjceOvojerYA
2020-02-03T12:14:36.707932+00:00,10.1101/2019.12.13.875419,hypothesis:vrXL-kZ-EeqfJ9PMYqZceg
2020-02-03T12:14:37.034343+00:00,10.1101/2019.12.13.875419,hypothesis:vvrwXkZ-EeqiSk-WEm0-Vw
2020-02-05T11:16:03.665794+00:00,10.1101/856773,hypothesis:5ZjYlEgIEeqop_stVj-eWw
2020-02-05T11:16:04.107574+00:00,10.1101/856773,hypothesis:5dntUkgIEeq7kd_2anhcqg
2020-02-05T11:16:04.547418+00:00,10.1101/856773,hypothesis:5kgg2EgIEeqam3PhZMDqLg
2020-02-05T11:16:05.099329+00:00,10.1101/856773,hypothesis:5ojTxkgIEeqJ2ZtNVn_lFg
2020-03-09T17:17:28.933462+00:00,10.1101/2019.12.17.877639,hypothesis:2qpPXmIpEeqFd7sL1J9-BA
2020-03-09T17:17:29.217308+00:00,10.1101/2019.12.17.877639,hypothesis:2uPE-mIpEeqv0h8fvTwP9g
2020-03-09T17:17:29.941918+00:00,10.1101/2019.12.17.877639,hypothesis:20O0HmIpEeqHVZ-BhJj32g
2020-03-09T17:17:30.246842+00:00,10.1101/2019.12.17.877639,hypothesis:24rR-mIpEeq3vFf4x8lnMA
2020-03-11T15:15:31.830656+00:00,10.1101/2019.12.24.886648,hypothesis:JiXZsmOrEeqjJ8O4XgLeUw
2020-03-11T15:15:32.039863+00:00,10.1101/2019.12.24.886648,hypothesis:JkwAumOrEeq-0deHpz6-iQ
2020-03-11T15:15:32.315564+00:00,10.1101/2019.12.24.886648,hypothesis:JnscdGOrEeqEl1NyLIU7Fw
2020-03-11T15:15:32.682766+00:00,10.1101/2019.12.24.886648,hypothesis:JsydxGOrEeqLGyfsWHeVpg
2020-03-11T20:16:31.212282+00:00,10.1101/2019.12.17.879544,hypothesis:MmHU_mPVEeqKQaMVoCbDTQ
2020-03-11T20:16:31.571156+00:00,10.1101/2019.12.17.879544,hypothesis:Mp5aoGPVEeqlydfflrZb7A
2020-03-11T20:16:31.863481+00:00,10.1101/2019.12.17.879544,hypothesis:MtIT4GPVEeqvlyNjABYfZg
2020-03-11T20:16:32.285295+00:00,10.1101/2019.12.17.879544,hypothesis:MxzJYmPVEeqwtct_kc-Hcw
2020-03-27T10:22:41.765893+00:00,10.1101/801845,hypothesis:5DQI3HAUEeqmuZelh8ES2Q
2020-03-27T10:22:42.064413+00:00,10.1101/801845,hypothesis:5GBiknAUEeqkiQNKwHBu7A
2020-03-27T10:22:42.778810+00:00,10.1101/801845,hypothesis:5NrYLnAUEeqRedsDGrQ8-w
2020-03-27T15:49:32.467772+00:00,10.1101/476010,hypothesis:jR_E9HBCEeqRmWsJ7EpsqQ
2020-03-27T15:49:33.506017+00:00,10.1101/476010,hypothesis:jcMnrHBCEeqqvT84PkHdHg
2020-03-27T15:49:33.934949+00:00,10.1101/476010,hypothesis:jfxxYHBCEeqH2e_f6icM2g
2020-03-27T15:49:34.503834+00:00,10.1101/2020.01.13.891630,hypothesis:jlQWrnBCEeql3Nv7Y0ZRzA
2020-03-27T15:49:34.945875+00:00,10.1101/2020.01.13.891630,hypothesis:jpuNGHBCEeqHzMd1YnIwNQ
2020-03-27T15:49:35.322090+00:00,10.1101/2020.01.13.891630,hypothesis:jv1WBnBCEeqN53sxhzGhgQ
2020-03-30T21:16:04.558711+00:00,10.1101/2019.12.19.881979,hypothesis:qhvRNHLLEeqaJk8D3MLmtw
2020-03-30T21:16:04.863997+00:00,10.1101/2019.12.19.881979,hypothesis:qlgh_HLLEeqgll_7tW4Uiw
2020-03-30T21:16:05.566708+00:00,10.1101/2019.12.19.881979,hypothesis:qru7pHLLEequXP9IvRsB1A
2020-03-30T21:16:05.945533+00:00,10.1101/2019.12.19.881979,hypothesis:qv5FgnLLEeq9ZEvDn9d03g
2020-03-30T23:14:44.739065+00:00,10.1101/533018,hypothesis:PhJETnLcEeqSbmNe1XvbWg
2020-03-30T23:14:44.988961+00:00,10.1101/533018,hypothesis:PkcawHLcEeqdtZvM3WvqPA
2020-03-30T23:14:45.370058+00:00,10.1101/533018,hypothesis:PoDYMnLcEeq65N-gO-I3PA
2020-04-01T20:18:26.280314+00:00,10.1101/2020.02.24.962902,hypothesis:8ab57nRVEeqwlSvtrsSusA
2020-04-01T20:18:26.562595+00:00,10.1101/2020.02.24.962902,hypothesis:8dUEanRVEeqonJs9nZwjoQ
2020-04-01T20:18:26.819441+00:00,10.1101/2020.02.24.962902,hypothesis:8gTysHRVEeqSKD9SjDwp6g
2020-04-01T20:18:27.202746+00:00,10.1101/2020.02.24.962902,hypothesis:8lIe-nRVEeqYTI9IjrjmJA
2020-04-06T14:17:15.863221+00:00,10.1101/2020.02.13.947879,hypothesis:UTx4jngREeq_Xb-tLpYkeA
2020-04-06T14:17:16.364239+00:00,10.1101/2020.02.13.947879,hypothesis:UXeMMHgREeqvvK8MwzrRxw
2020-04-06T14:17:16.884333+00:00,10.1101/2020.02.13.947879,hypothesis:UdBfBHgREeq52T_nGS61RA
2020-04-06T14:17:17.370741+00:00,10.1101/2020.02.13.947879,hypothesis:UkppNHgREeqoj8fO_4eAfw
2020-04-09T13:15:09.475541+00:00,10.1101/735811,hypothesis:I0iGrHpkEeqtkxu-1NyIbQ
2020-04-09T13:15:09.758549+00:00,10.1101/735811,hypothesis:I36NiHpkEeqdZutVpxr6uQ
2020-04-09T13:15:10.491018+00:00,10.1101/735811,hypothesis:I-FC6HpkEeqdRav-80EtSA
2020-04-09T13:15:11.120604+00:00,10.1101/735811,hypothesis:JFxMDnpkEeqyx09LkDotfQ
2020-04-15T17:16:56.699424+00:00,10.1101/833319,hypothesis:6MVjZH88EeqXaDOr7N9ekg
2020-04-15T17:16:57.007425+00:00,10.1101/833319,hypothesis:6PWv7H88Eeqj_0OyBaAntw
2020-04-15T17:16:57.388749+00:00,10.1101/833319,hypothesis:6S62Kn88EeqCk4sKyWLg7g
2020-04-15T17:16:58.050533+00:00,10.1101/833319,hypothesis:6aAIen88EeqkAB8om7fgKw
2020-04-18T10:17:29.705303+00:00,10.1101/2020.01.16.909200,hypothesis:z1vipIFdEeqiWuf7NWdfgA
2020-04-18T10:17:30.366128+00:00,10.1101/2020.01.16.909200,hypothesis:z63ZpoFdEeqaP3OagitNkw
2020-04-18T10:17:30.854833+00:00,10.1101/2020.01.16.909200,hypothesis:z_p5jIFdEeqiWxt0u3WZ8Q
2020-04-18T10:17:31.449085+00:00,10.1101/2020.01.16.909200,hypothesis:0HEcIoFdEeqmHG_KrXacvw
2020-04-20T10:17:32.892852+00:00,10.1101/636449,hypothesis:Jfy30ILwEeqFVWNC-Q_UZA
2020-04-20T10:17:33.319254+00:00,10.1101/636449,hypothesis:JkZkZoLwEeqSF_Ni6ipLLg
2020-04-20T10:17:33.901886+00:00,10.1101/636449,hypothesis:JqBBhILwEeqFVpeHsc74Sg
2020-04-20T10:17:34.902431+00:00,10.1101/636449,hypothesis:J1fSaILwEeqkkNe882rbDw
2020-04-23T12:16:20.097093+00:00,10.1101/2020.01.10.901637,hypothesis:PV_mNoVcEeqQ6hs8fiXijg
2020-04-23T12:16:20.344138+00:00,10.1101/2020.01.10.901637,hypothesis:PY-DKIVcEeqmV4MgrKg7sw
2020-04-23T12:16:20.697199+00:00,10.1101/2020.01.10.901637,hypothesis:PdWxmoVcEeqP-O81CH6tsA
2020-04-29T19:15:27.061657+00:00,10.1101/745133,hypothesis:yL_YRIpNEeqAkiPR15rjDw
2020-04-29T19:15:28.030344+00:00,10.1101/745133,hypothesis:yTyXiopNEeqE4nO4El-zmQ
2020-04-29T19:15:28.367866+00:00,10.1101/745133,hypothesis:yXbz5IpNEeqZVftm5A5oxQ
2020-04-29T19:15:29.055762+00:00,10.1101/745133,hypothesis:yfsgiIpNEeqAk4fHqKqs0g
2020-04-30T10:16:35.976343+00:00,10.1101/2020.02.12.944629,hypothesis:rDSeXIrLEeqvaCPZtG1e5g
2020-04-30T10:16:36.405239+00:00,10.1101/2020.02.12.944629,hypothesis:rHcARIrLEeqerLNnIPI1aA
2020-04-30T10:16:36.921305+00:00,10.1101/2020.02.12.944629,hypothesis:rMxngorLEeqeJF9D6zO2-w
2020-04-30T10:16:37.915690+00:00,10.1101/2020.02.12.944629,hypothesis:rWrvforLEeqPP5dwSGxyKQ
2020-05-12T10:24:32.583202+00:00,10.1101/608091,hypothesis:xT3mGpQ6EeqXlttbNSLxXw
2020-05-12T10:24:32.879062+00:00,10.1101/608091,hypothesis:xXqFmJQ6EeqjKn8SizOPSA
2020-05-12T10:24:33.861410+00:00,10.1101/608091,hypothesis:xgpdYpQ6Eeq3DGMQpZ7uqA
2020-05-12T10:24:34.495261+00:00,10.1101/608091,hypothesis:xnDvKJQ6Eeq3zsfd9DYOlg
2020-05-12T16:17:09.028563+00:00,10.1101/2020.02.26.966002,hypothesis:B3UkVJRsEeqKh2tn7YFdjA
2020-05-12T16:17:09.321520+00:00,10.1101/2020.02.26.966002,hypothesis:B66yKJRsEeqF2JM94StvBw
2020-05-12T16:17:09.761346+00:00,10.1101/2020.02.26.966002,hypothesis:CAd6ypRsEeqbga8x8e4grw
2020-05-12T16:17:10.353334+00:00,10.1101/2020.02.26.966002,hypothesis:CF25CJRsEeqW0SOlVL-krQ
2020-05-14T10:17:18.874092+00:00,10.1101/646810,hypothesis:F4-xmpXMEeqf3_-2H0r-9Q
2020-05-14T10:17:19.128250+00:00,10.1101/646810,hypothesis:F7e5QpXMEeqnbCM3UE6XLQ
2020-05-14T10:17:20.121291+00:00,10.1101/646810,hypothesis:GFEW8JXMEeqJQcuc-6NFhQ
2020-05-14T10:17:20.882475+00:00,10.1101/2020.02.05.933721,hypothesis:GMaOgJXMEeqQDicuhPv87w
2020-05-14T10:17:21.874404+00:00,10.1101/2020.02.05.933721,hypothesis:GWDOMpXMEeqQD9O6wDBliA
2020-05-14T10:17:22.215975+00:00,10.1101/2020.02.05.933721,hypothesis:GYqaoJXMEeqc_C9FJQmWBA
2020-05-14T10:17:22.424939+00:00,10.1101/2020.02.05.933721,hypothesis:GbpHHpXMEeq7v8f0KN97eA
2020-05-15T17:17:52.832627+00:00,10.1101/2020.02.21.959080,hypothesis:Ap3y4pbQEeq1GnN5tTjKhQ
2020-05-15T17:17:53.247201+00:00,10.1101/2020.02.21.959080,hypothesis:AvwqJJbQEeqpdrtuOUEWKg
2020-05-15T17:17:53.842284+00:00,10.1101/2020.02.21.959080,hypothesis:AzhmBpbQEeqZSmfWWsjFyQ
2020-05-15T17:17:54.222114+00:00,10.1101/2020.02.21.959080,hypothesis:A589zJbQEeq7LStNNmtsQA
2020-05-22T14:18:20.678541+00:00,10.1101/865394,hypothesis:FtmqWpw3Eeq70nvai6KMDA
2020-05-22T14:18:21.119296+00:00,10.1101/865394,hypothesis:Fwkq3Jw3EeqoBv9aCVqWKA
2020-05-22T14:18:21.370584+00:00,10.1101/865394,hypothesis:Fz0tHpw3EeqGiBPOWSGglw
2020-05-22T14:18:22.376385+00:00,10.1101/865394,hypothesis:F-c7EJw3Eeqk2EP38rB99g
2020-05-25T10:16:39.976802+00:00,10.1101/2020.04.14.040766,hypothesis:0v5K3p5wEeqGBpvG1iNtNA
2020-05-25T10:16:40.615603+00:00,10.1101/2020.04.14.040766,hypothesis:01IDrp5wEeqGW-u3FIZStg
2020-05-25T10:16:41.173741+00:00,10.1101/2020.04.14.040766,hypothesis:09A6WJ5wEeq4uDfKdpKB5w
2020-05-25T10:16:42.117187+00:00,10.1101/2020.04.14.040766,hypothesis:1FS3Vp5wEeqs7i-ORbJ6FA
2020-05-30T21:16:00.261703+00:00,10.1101/733097,hypothesis:wr-1VqK6Eeq5gpsGF42d7w
2020-05-30T21:16:00.525003+00:00,10.1101/733097,hypothesis:wyAzrqK6Eeq1vHd_se_i2g
2020-05-30T21:16:01.512046+00:00,10.1101/733097,hypothesis:w41JRKK6EeqXYxPg5IPdhg
2020-05-30T21:16:02.180880+00:00,10.1101/733097,hypothesis:w-_f5qK6Eeqs0jc6-M63HQ
2020-06-16T13:18:40.293618+00:00,10.1101/826180,hypothesis:5Qqzzq_TEeqM-h89XQfQLQ
2020-06-16T13:18:40.697384+00:00,10.1101/826180,hypothesis:5VSYVK_TEeqiXQMmPjlxeg
2020-06-16T13:18:41.121917+00:00,10.1101/826180,hypothesis:5Znarq_TEeqgVdfomCVLHQ
2020-06-16T15:16:49.468869+00:00,10.1101/464909,hypothesis:ZoezEK_kEeqwlTNSbm96RA
2020-06-16T15:16:49.825539+00:00,10.1101/464909,hypothesis:ZsPv2K_kEeq8BVtoV9PcxQ
2020-06-16T15:16:50.265638+00:00,10.1101/464909,hypothesis:ZxSW4K_kEeqTtBubSVH9Qw
2020-06-17T18:18:45.856145+00:00,10.1101/2020.04.17.045971,hypothesis:-5Q2irDGEeq7Nfd_vnbslA
2020-06-17T18:18:46.114942+00:00,10.1101/2020.04.17.045971,hypothesis:-8oO9LDGEeqx599D5Swz_Q
2020-06-17T18:18:46.491913+00:00,10.1101/2020.04.17.045971,hypothesis:_A1r_rDGEeq9ZgMfH-knkw
2020-06-28T13:18:43.948950+00:00,10.1101/2020.05.09.085753,hypothesis:5Cd1BrlBEequMx_KKgfNCg
2020-06-28T13:18:44.952005+00:00,10.1101/2020.05.09.085753,hypothesis:5MX8nrlBEequNJ_3QFlSNA
2020-06-28T13:18:45.223665+00:00,10.1101/2020.05.09.085753,hypothesis:5PYRNrlBEeqYwFPS624VUQ
2020-06-28T13:18:45.572682+00:00,10.1101/2020.05.09.085753,hypothesis:5TzOWrlBEeqKcJ_45WPAuw
2020-07-01T19:18:15.930495+00:00,10.1101/844282,hypothesis:nU2yzLvPEeq_7Yt-e4ojGA
2020-07-01T19:18:16.196123+00:00,10.1101/844282,hypothesis:nX4lprvPEeqHoadOr_WpFQ
2020-07-01T19:18:16.934932+00:00,10.1101/844282,hypothesis:nef_YrvPEeqOdbsk7Yal4A
2020-07-02T16:19:38.744713+00:00,10.1101/2020.05.03.074468,hypothesis:08e-0rx_EeqQro-kVm5UeQ
2020-07-02T16:19:39.019493+00:00,10.1101/2020.05.03.074468,hypothesis:1AJhzLx_Eeq_Tu-tPcl4-A
2020-07-02T16:19:39.458192+00:00,10.1101/2020.05.03.074468,hypothesis:1EkoWrx_Eeqb5T_AlAb0Yg
2020-07-02T16:19:39.887555+00:00,10.1101/2020.05.03.074468,hypothesis:1I_SoLx_Eeq8RePhH_NzQg
2020-07-09T13:05:59.556869+00:00,10.1101/2019.12.19.883496,hypothesis:70xnVsHkEeqpwDsT_qwqUw
2020-07-09T13:06:57.620757+00:00,10.1101/2019.12.19.883496,hypothesis:EiAzIMHlEeqmoo8UZzqZBg
2020-07-09T13:07:23.905975+00:00,10.1101/2019.12.19.883496,hypothesis:IYdaFMHlEeqHO_dkRNQbfA
2020-07-09T13:08:29.522071+00:00,10.1101/2019.12.19.883496,hypothesis:SL4BlsHlEeq3P0PkiF3Ikw
2020-07-13T06:33:51.243085+00:00,10.1101/2020.04.23.053256,hypothesis:0P310MTSEeqKKV91Hxbgdw
2020-07-13T06:34:27.208066+00:00,10.1101/2020.04.23.053256,hypothesis:5lGobsTSEeqMiMsywJi7tw
2020-07-13T06:34:46.642309+00:00,10.1101/2020.04.23.053256,hypothesis:8f_GUMTSEeqnK0shTQ9Z2w
2020-07-13T06:35:05.285955+00:00,10.1101/2020.04.23.053256,hypothesis:_RypDsTSEeqeQm-yAG0zGw
2020-07-13T12:17:59.467512+00:00,10.1101/2020.05.07.082313,hypothesis:5BUsOsUCEeqkw1fGiUJzBQ
2020-07-13T12:17:59.905975+00:00,10.1101/2020.05.07.082313,hypothesis:5HRzesUCEeqO9UMVc9JsGQ
2020-07-13T12:18:00.634738+00:00,10.1101/2020.05.07.082313,hypothesis:5OfExMUCEeqj8rM6djBS9A
2020-07-15T13:23:44.100840+00:00,10.1101/2020.03.07.981860,hypothesis:aB41ZsaeEeq85fehCj5O5A
2020-07-15T13:23:44.444718+00:00,10.1101/2020.03.07.981860,hypothesis:aHgPKMaeEeqtyc_ZEurYRA
2020-07-15T13:23:45.400409+00:00,10.1101/2020.03.07.981860,hypothesis:aT47bMaeEeqop48uTkuZqg
2020-07-17T10:19:41.677321+00:00,10.1101/2020.05.07.081786,hypothesis:BxwsEsgXEeqQsf--oG-KqQ
2020-07-17T10:19:42.114129+00:00,10.1101/2020.05.07.081786,hypothesis:B10ecMgXEeqDKVsBVzjozA
2020-07-17T10:19:43.101038+00:00,10.1101/2020.05.07.081786,hypothesis:B_Pn9sgXEeqeBwM-iX6yAg
2020-07-17T10:19:43.569496+00:00,10.1101/2020.05.07.081786,hypothesis:CE0oysgXEeqLr0cVk9XyRg
2020-07-19T23:18:57.157198+00:00,10.1101/2020.02.27.967471,hypothesis:OGSFPsoWEeqgtxsItXNYPw
2020-07-19T23:18:57.819535+00:00,10.1101/2020.02.27.967471,hypothesis:ONYdZsoWEeqSLBfJyAsyPw
2020-07-19T23:18:58.425255+00:00,10.1101/2020.02.27.967471,hypothesis:OS-tQMoWEeqeYhcV2th5cw
2020-07-19T23:18:58.900407+00:00,10.1101/2020.02.27.967471,hypothesis:OYtitsoWEeqX-JOtBP5YTA
2020-07-23T19:22:19.238285+00:00,10.1101/2020.07.17.208082,hypothesis:02g8ls0ZEeqEDq9S3yK4Jw
2020-07-23T19:22:19.556792+00:00,10.1101/2020.07.17.208082,hypothesis:07Ed-M0ZEeqONysTQKLaJg
2020-07-23T19:22:19.976508+00:00,10.1101/2020.07.17.208082,hypothesis:0-sHjs0ZEeqlTrPEmDQG8g
2020-07-23T19:22:20.994067+00:00,10.1101/2020.07.17.208082,hypothesis:1J1Ims0ZEeqUvb_53N_Vag
2020-07-23T19:26:49.980324+00:00,10.1101/2020.07.20.212886,hypothesis:dMsVVM0aEeqpiHvipzDs-Q
2020-07-23T19:26:50.243990+00:00,10.1101/2020.07.20.212886,hypothesis:dPqpQM0aEeqnEbNVsAC2Gw
2020-07-23T19:26:51.010612+00:00,10.1101/2020.07.20.212886,hypothesis:dXLjdM0aEeqJVpd1GQZfAQ
2020-07-23T19:26:51.484215+00:00,10.1101/2020.07.20.212886,hypothesis:ddoLMM0aEeqoVrMgA6Yx0w
2020-07-31T19:17:58.533953+00:00,10.1101/2020.04.13.039503,hypothesis:i1U-oNNiEequko8_dnUcQA
2020-07-31T19:17:58.832815+00:00,10.1101/2020.04.13.039503,hypothesis:i4wTRNNiEeqJiiewIh3H8g
2020-07-31T19:17:59.350910+00:00,10.1101/2020.04.13.039503,hypothesis:i_dYKtNiEeq_h8e83xOusQ
2020-08-11T12:17:57.586871+00:00,10.1101/2020.06.02.130047,hypothesis:sPALoNvMEeqv7v_VBFg7kw
2020-08-11T12:17:58.592998+00:00,10.1101/2020.06.02.130047,hypothesis:sYTtsNvMEeqneGfVhLjHoA
2020-08-11T12:17:58.831848+00:00,10.1101/2020.06.02.130047,hypothesis:sbxrUNvMEeqg_g_klUfOqg
2020-08-11T12:17:59.424977+00:00,10.1101/2020.06.02.130047,hypothesis:siueOtvMEeqgXLczuFyvNg
2020-08-19T19:18:17.481203+00:00,10.1101/2020.01.22.914580,hypothesis:vHsWuuJQEeqUSXPoeXeLXA
2020-08-19T19:18:17.835501+00:00,10.1101/2020.01.22.914580,hypothesis:vMbaeOJQEeqrLIN_AQXg2w
2020-08-19T19:18:18.323601+00:00,10.1101/2020.01.22.914580,hypothesis:vQqMRuJQEeqL3aMhZz2V3w
2020-08-19T19:18:18.758457+00:00,10.1101/2020.01.22.914580,hypothesis:vWXIcuJQEeqGGc9j7E808A
2020-08-21T18:19:11.993915+00:00,10.1101/2020.05.20.106583,hypothesis:0AY4KOPaEeq7-t_2eR6D_Q
2020-08-21T18:19:12.417378+00:00,10.1101/2020.05.20.106583,hypothesis:0F_0duPaEeqIfA_U_PMWuQ
2020-08-21T18:19:13.404811+00:00,10.1101/2020.05.20.106583,hypothesis:0N3OFOPaEeqv3afQ-14qAA
2020-08-21T18:19:13.776343+00:00,10.1101/2020.05.20.106583,hypothesis:0VU2hOPaEeq5oZMfDwiy6w
2020-08-27T11:16:58.897081+00:00,10.1101/2020.06.16.149575,hypothesis:0teu7uhWEeq0ChNGQ-HdZg
2020-08-27T11:16:59.283144+00:00,10.1101/2020.06.16.149575,hypothesis:0wcLHOhWEeqdY58fnnN-Cg
2020-08-27T11:17:00.281681+00:00,10.1101/2020.06.16.149575,hypothesis:05_HbOhWEeqEDz9ZkZj4cw
2020-08-27T11:17:00.521816+00:00,10.1101/2020.06.16.149575,hypothesis:08122uhWEeqeHAeadjM1dw
2020-08-29T10:17:47.859578+00:00,10.1101/2020.06.30.179648,hypothesis:4wbJ9OngEeqMWzutWUEgOA
2020-08-29T10:17:48.302461+00:00,10.1101/2020.06.30.179648,hypothesis:41K67ungEeqlmMtxCN3ncg
2020-08-29T10:17:49.314253+00:00,10.1101/2020.06.30.179648,hypothesis:4_D58ungEeqlmV_FMwoU8g
2020-08-29T10:17:49.695320+00:00,10.1101/2020.06.30.179648,hypothesis:5EOcPungEeqp2KvScqJ5iw
2020-09-03T15:17:56.412475+00:00,10.1101/416727,hypothesis:pRYnkO34EeqWxnd7gRWpfQ
2020-09-03T15:17:56.817960+00:00,10.1101/416727,hypothesis:pUcQbO34EeqztZttihhvkA
2020-09-03T15:17:57.095094+00:00,10.1101/416727,hypothesis:pY7Niu34Eeq1ZjNN_idaSg
2020-09-03T15:17:57.663553+00:00,10.1101/416727,hypothesis:pejl9O34Eeq1LJOTKXlbbQ
2020-09-03T20:26:15.900767+00:00,10.1101/2020.06.29.178129,hypothesis:t5l6Iu4jEeqqlo_Lp_Z-bQ
2020-09-03T20:26:16.199308+00:00,10.1101/2020.06.29.178129,hypothesis:t8h3UO4jEeqHrr_oq0uWjw
2020-09-03T20:26:16.509268+00:00,10.1101/2020.06.29.178129,hypothesis:t_vzKO4jEeqQkH9oOgrYrg
2020-09-03T20:26:16.898107+00:00,10.1101/2020.06.29.178129,hypothesis:uD4Sxu4jEeqeJHsGcjiFRg
2020-09-08T10:20:32.069543+00:00,10.1101/2020.06.26.172841,hypothesis:7QtKDvG8Eeq9XAdGDNf6VQ
2020-09-08T10:20:32.354228+00:00,10.1101/2020.06.26.172841,hypothesis:7Tcc2PG8Eeq5chevR7pABQ
2020-09-08T10:20:33.355035+00:00,10.1101/2020.06.26.172841,hypothesis:7c2BHvG8Eeqlx_uXtuetcQ
2020-09-08T10:20:33.866610+00:00,10.1101/2020.06.26.172841,hypothesis:7iKQCvG8EeqqXyeiMkBqAA
2020-09-09T12:18:53.424343+00:00,10.1101/2020.05.14.095968,hypothesis:oDimTPKWEeqldYv8lyZT3A
2020-09-09T12:18:53.774025+00:00,10.1101/2020.05.14.095968,hypothesis:oHFr7vKWEeqsBYuq-bkzOg
2020-09-09T12:18:54.436325+00:00,10.1101/2020.05.14.095968,hypothesis:oNGKOPKWEeqT6B_E-mOWxg
2020-09-09T12:18:54.789610+00:00,10.1101/2020.05.14.095968,hypothesis:oQ6vMPKWEeqZdzfCWTKeSg
2020-09-11T13:18:12.278272+00:00,10.1101/2020.09.02.279174,hypothesis:PnNmgPQxEeqwdDdlhfFF2A
2020-09-11T13:22:07.947388+00:00,10.1101/2020.09.02.279174,hypothesis:yvtl7vQxEeqny_8LWRpQqQ
2020-09-11T13:32:02.039197+00:00,10.1101/2020.09.02.279174,hypothesis:LOhhZvQzEeqdnIu7ix1mFA
2020-09-11T16:24:05.945934+00:00,10.1101/2020.06.08.140319,hypothesis:Nl5RevRLEeqcOR-Bz1yojw
2020-09-11T16:24:06.253816+00:00,10.1101/2020.06.08.140319,hypothesis:Nox-zvRLEeqTFu_dc_2zwg
2020-09-11T16:24:06.533080+00:00,10.1101/2020.06.08.140319,hypothesis:NrQjhPRLEeqGEy-NxehtYg
2020-09-11T16:24:06.955343+00:00,10.1101/2020.06.08.140319,hypothesis:NwfX9PRLEeqzzE-5AjqH-Q
2020-09-11T18:19:00.524925+00:00,10.1101/368480,hypothesis:Q9oHRPRbEeqqPDfSUht7lg
2020-09-11T18:19:00.804948+00:00,10.1101/368480,hypothesis:RANfBPRbEeqGU-9jVp74lg
2020-09-11T18:19:01.525679+00:00,10.1101/368480,hypothesis:RH2hxPRbEeqRTIdIA0giig
2020-09-15T10:18:32.034259+00:00,10.1101/2020.06.15.151456,hypothesis:zmLDVPc8EeqtDkvStKIr4Q
2020-09-15T10:18:32.470430+00:00,10.1101/2020.06.15.151456,hypothesis:zqNxxPc8EeqgQ5N-TWswqg
2020-09-15T10:18:33.035555+00:00,10.1101/2020.06.15.151456,hypothesis:zwRlLvc8EeqeXZv9pCAkLw
2020-09-21T17:13:18.309247+00:00,10.1101/2020.09.03.281097,hypothesis:vlZ7hvwtEeq411vE8MSabA
2020-09-21T17:14:20.306366+00:00,10.1101/2020.09.03.281238,hypothesis:41hmdPwtEeqFSn9eXLFsvw
2020-09-25T08:19:55.028464+00:00,10.1101/2020.08.14.251512,hypothesis:5HLvwP8HEeqUf9uTzESNFA
2020-09-25T08:19:55.459237+00:00,10.1101/2020.08.14.251512,hypothesis:5LE2pP8HEeqP4sMRftKtFg
2020-09-25T08:19:56.460539+00:00,10.1101/2020.08.14.251512,hypothesis:5Uv1LP8HEeqP468WUGTtuQ
2020-09-25T08:19:57.464884+00:00,10.1101/2020.08.14.251512,hypothesis:5ecscv8HEeq1iKPdvf85CA
2020-09-25T14:22:56.619700+00:00,10.1101/2020.07.06.190017,hypothesis:m0u17P86EequoMuX5sz_5A
2020-09-25T14:22:56.869167+00:00,10.1101/2020.07.06.190017,hypothesis:m2_Kmv86EeqrDSsM14Zt6A
2020-09-25T14:22:57.864481+00:00,10.1101/2020.07.06.190017,hypothesis:nAc8hv86EeqifOvBmwOFLQ
2020-09-25T14:22:58.097595+00:00,10.1101/2020.07.06.190017,hypothesis:nCzbWP86EeqUmwPcZgvetg
2020-09-25T14:22:58.396578+00:00,10.1101/2020.07.06.190017,hypothesis:nF9vMv86Eeqi6UcZ26e2wQ
2020-09-25T15:35:38.873101+00:00,10.1101/2020.09.03.281097,hypothesis:w5IULv9EEeqnTN9dyCHSqQ
2020-09-30T15:19:45.619937+00:00,10.1101/2020.06.11.145870,hypothesis:X1I0NgMwEeutEId8SFjVJQ
2020-09-30T15:19:46.016150+00:00,10.1101/2020.06.11.145870,hypothesis:X4Lf5gMwEeuMvTetIZ8dyQ
2020-09-30T15:19:46.270335+00:00,10.1101/2020.06.11.145870,hypothesis:X6mCfAMwEeuRrWPvjatLvw
2020-09-30T15:19:46.505950+00:00,10.1101/2020.06.11.145870,hypothesis:X83jJAMwEeuVWlvXzF_dbw
2020-10-01T11:16:46.319418+00:00,10.1101/2020.06.06.130575,hypothesis:l8A7NgPXEeubLs93rKucyA
2020-10-01T11:16:47.350318+00:00,10.1101/2020.06.06.130575,hypothesis:mGouPgPXEeu0ZNMkj68XeA
2020-10-01T11:16:48.320726+00:00,10.1101/2020.06.06.130575,hypothesis:mQSCfAPXEeuOdv_p3Y86BA
2020-10-05T16:23:11.779829+00:00,10.1101/2020.06.26.174284,hypothesis:D_5HEgcnEeuKq5O6DXuaaQ
2020-10-05T16:23:12.096683+00:00,10.1101/2020.06.26.174284,hypothesis:ECunPgcnEeuW7mP975IJgw
2020-10-05T16:23:12.354597+00:00,10.1101/2020.06.26.174284,hypothesis:EFUn-AcnEeusoouBYPRaNw
2020-10-05T16:23:12.698811+00:00,10.1101/2020.06.26.174284,hypothesis:EI73igcnEeu7NQuvwQ_UHQ
2020-10-07T16:21:57.448414+00:00,10.1101/2020.07.01.181818,hypothesis:OIsPJAi5Eeuf1L_PrKW99A
2020-10-07T16:21:57.820871+00:00,10.1101/2020.07.01.181818,hypothesis:OLmmkAi5EeupkktuTRHT8w
2020-10-07T16:21:58.124357+00:00,10.1101/2020.07.01.181818,hypothesis:OOkbCgi5Eeuwto-kQ2Ul0w
2020-10-07T16:21:58.443619+00:00,10.1101/2020.07.01.181818,hypothesis:OSENRAi5Eeu8NwORmyHapg
2020-10-16T08:17:02.280227+00:00,10.1101/2020.07.10.197889,hypothesis:-Cfamg-HEeuhUQt8plSSRw
2020-10-16T08:17:02.538442+00:00,10.1101/2020.07.10.197889,hypothesis:-Ex1vA-HEeu2Twt5mvgLhA
2020-10-16T08:17:02.738666+00:00,10.1101/2020.07.10.197889,hypothesis:-GtGcg-HEeu-NceUlF_Tsg
2020-10-16T08:17:02.976539+00:00,10.1101/2020.07.10.197889,hypothesis:-JP1BA-HEeuX9UNvjQtPEQ
2020-10-19T13:18:47.211642+00:00,10.1101/2020.06.26.172783,hypothesis:nslLNhINEeuaDAce8AJ7RA
2020-10-19T13:18:47.489678+00:00,10.1101/2020.06.26.172783,hypothesis:nu5dwhINEeuqhIsxjHcKmA
2020-10-19T13:18:47.795474+00:00,10.1101/2020.06.26.172783,hypothesis:nyhdphINEeua47djYdBBJA
2020-10-20T12:17:37.705721+00:00,10.1101/2020.07.15.204123,hypothesis:PfwsCBLOEeu_cPd9pst_ZQ
2020-10-20T12:17:37.963303+00:00,10.1101/2020.07.15.204123,hypothesis:PiJZPBLOEeuwkstZ3mFJYg
2020-10-20T12:17:38.188577+00:00,10.1101/2020.07.15.204123,hypothesis:Pkp8ChLOEeuZ-PfBIUOaqQ
2020-10-26T10:17:25.521866+00:00,10.1101/2020.10.01.322057,hypothesis:camrAhd0EeuwYWuOgk_WPg
2020-10-26T10:17:25.732438+00:00,10.1101/2020.10.01.322057,hypothesis:ccnHKhd0EeujEKuYwzgoYA
2020-10-26T10:17:25.959398+00:00,10.1101/2020.10.01.322057,hypothesis:ce5UeBd0EeuZD_8Z6oGRsw
2020-10-28T19:19:18.555990+00:00,10.1101/753830,hypothesis:ecYtOhlSEeuizNv8FX92Ug
2020-10-28T19:19:19.560876+00:00,10.1101/753830,hypothesis:el6J4BlSEeuXQkdcCWbxMA
2020-10-28T19:19:19.790424+00:00,10.1101/753830,hypothesis:eoNmPhlSEeu5tjvtuIab4Q
2020-10-28T19:19:20.060572+00:00,10.1101/753830,hypothesis:eruBVBlSEeukVKORRGwm6A
2020-11-03T17:09:55.302118+00:00,10.1101/2020.10.07.329334,hypothesis:ZR4i7h33EeuHqnNUq51R2w
2020-11-03T17:12:03.309430+00:00,10.1101/2020.10.07.329334,hypothesis:sV79pB33Eeuj3mc-XJ9hvQ
2020-11-03T17:13:57.752048+00:00,10.1101/2020.10.07.329334,hypothesis:9ZO9DB33Eeuvfxf345MDlQ
2020-11-03T20:15:29.105873+00:00,10.1101/2020.10.07.329334,hypothesis:UV5DHh4REeu3bVOPfq7Aaw
2020-11-05T07:28:06.736123+00:00,10.1101/2020.07.14.20154005,hypothesis:crAafh84EeuSDWtYpF25pw
2020-11-05T07:28:07.156337+00:00,10.1101/2020.07.14.20154005,hypothesis:cvFqnB84EeumWBOE5bv7Hg
2020-11-05T07:28:07.589501+00:00,10.1101/2020.07.14.20154005,hypothesis:czNe6B84EeufPQMP8FJN-Q
2020-11-05T07:28:07.882490+00:00,10.1101/2020.07.14.20154005,hypothesis:c2Nsgh84Eeu9VZtf8USmkQ
2020-11-09T15:18:45.325825+00:00,10.1101/2020.07.08.193938,hypothesis:296ZWCKeEeuiREtEdWO5YA
2020-11-09T15:18:45.628421+00:00,10.1101/2020.07.08.193938,hypothesis:3AozQiKeEeuUyhOMOrWzHA
2020-11-09T15:18:46.327861+00:00,10.1101/2020.07.08.193938,hypothesis:3HSzrCKeEeuMIp88Ueb0Ow
2020-11-09T15:18:46.668450+00:00,10.1101/2020.07.08.193938,hypothesis:3LndiCKeEeusBDtqfhq3jg
2020-11-12T09:15:28.847601+00:00,10.1101/2020.05.18.100990,hypothesis:m2ASPCTHEeuW6JMv8oVGAQ
2020-11-12T09:15:29.061715+00:00,10.1101/2020.05.18.100990,hypothesis:m4BQBiTHEeugbgfPiuXajg
2020-11-12T09:15:29.321859+00:00,10.1101/2020.05.18.100990,hypothesis:m7W00CTHEeuIXDc4sTzOUQ
2020-11-20T09:19:32.628181+00:00,10.1101/2020.08.26.268201,hypothesis:f_69_isREeu6wu_-9vMdUQ
2020-11-20T09:19:33.082232+00:00,10.1101/2020.08.26.268201,hypothesis:gEEirCsREeuXiZtJFa9xzA
2020-11-20T09:19:33.283743+00:00,10.1101/2020.08.26.268201,hypothesis:gGF7kisREeuDau_SvNrHtQ
2020-11-20T09:19:33.801252+00:00,10.1101/2020.08.26.268201,hypothesis:gLiioCsREeu9K9_JyruFZA
2020-11-23T21:17:28.979738+00:00,10.1101/2020.09.13.294785,hypothesis:Sr_E6i3REeuRSGfdGhOjZA
2020-11-23T21:17:29.255105+00:00,10.1101/2020.09.13.294785,hypothesis:SuTDOi3REeuwXsOIxjc-pA
2020-11-23T21:17:29.982889+00:00,10.1101/2020.09.13.294785,hypothesis:S1geDC3REeuRSZMLSA_LuQ
2020-11-23T21:17:30.277841+00:00,10.1101/2020.09.13.294785,hypothesis:S4UbWi3REeuvH5MPu7HwLw
2020-11-24T18:18:48.419172+00:00,10.1101/2020.09.29.317958,hypothesis:fzObJC6BEeukQtvW2k4p5g
2020-11-24T18:18:48.670729+00:00,10.1101/2020.09.29.317958,hypothesis:f1nYFi6BEeuUHDtCgiD8wQ
2020-11-24T18:18:48.947291+00:00,10.1101/2020.09.29.317958,hypothesis:f4Ekoi6BEeu5lgP88LU_EQ
2020-11-24T18:18:49.183063+00:00,10.1101/2020.09.29.317958,hypothesis:f6vW8i6BEeuS8hfUbXfydw
2020-11-25T00:15:25.487989+00:00,10.1101/2020.10.05.327247,hypothesis:UNtDRC6zEeuyU2OwRrlXKA
2020-11-25T00:15:25.748045+00:00,10.1101/2020.10.05.327247,hypothesis:UP_ZZi6zEeunJS9lSANPcg
2020-11-25T00:15:25.988074+00:00,10.1101/2020.10.05.327247,hypothesis:USVgAC6zEeuThIurZ_54hw
2020-11-25T00:15:26.989567+00:00,10.1101/2020.10.05.327247,hypothesis:UcE9VC6zEeuojgNbJZTwMg
2020-11-25T18:17:36.305140+00:00,10.1101/2020.09.20.305276,hypothesis:fqKEEi9KEeuUrc8hy8ghUA
2020-11-25T18:17:36.555243+00:00,10.1101/2020.09.20.305276,hypothesis:fsTU6i9KEeuKqJvoQH1zZA
2020-11-25T18:17:36.778210+00:00,10.1101/2020.09.20.305276,hypothesis:funBYC9KEeuQ3q_fjYBUZg
2020-11-25T18:17:37.074029+00:00,10.1101/2020.09.20.305276,hypothesis:fxvBdC9KEeu_2PPuZf2RKQ
2020-11-27T15:19:48.605705+00:00,10.1101/2020.11.18.388975,hypothesis:_QQh4jDDEeunsBP8NYMpMg
2020-11-27T15:19:48.866837+00:00,10.1101/2020.11.18.388975,hypothesis:_Sor7jDDEeuYKSvnc6HgvQ
2020-11-27T15:19:49.326239+00:00,10.1101/2020.11.18.388975,hypothesis:_W7MBDDDEeus4DeRijSi3Q
2020-11-27T15:19:49.602948+00:00,10.1101/2020.11.18.388975,hypothesis:_ZwjFjDDEeuuer_AOHBxSw
2020-11-30T09:15:28.059646+00:00,10.1101/2020.02.09.940718,hypothesis:lloVNDLsEeurUb9x5yFtVQ
2020-11-30T09:15:28.515420+00:00,10.1101/2020.02.09.940718,hypothesis:lp0FnDLsEeuRwcc0U5K5lw
2020-11-30T09:15:28.720333+00:00,10.1101/2020.02.09.940718,hypothesis:lr2VbjLsEeuarAsStroDSw
2020-11-30T09:15:29.025042+00:00,10.1101/2020.02.09.940718,hypothesis:lvCBQDLsEeubxT8v1HNh9Q
2020-11-30T11:02:37.962718+00:00,10.1101/2020.04.07.029264,hypothesis:jt0sTDL7Eeu8nkv7naOgOQ
2020-12-09T00:14:24.415647+00:00,10.1101/2020.09.13.290460,hypothesis:fj0-NjmzEeu3G18r7MS9LA
2020-12-09T00:14:24.703672+00:00,10.1101/2020.09.13.290460,hypothesis:fmWH4jmzEeu2jo_9mn4cAQ
2020-12-09T00:14:24.960289+00:00,10.1101/2020.09.13.290460,hypothesis:fozeUDmzEeuJb7dVE0yTAA
2020-12-09T00:14:25.219557+00:00,10.1101/2020.09.13.290460,hypothesis:frRZCDmzEeuTs4utEzxaUg
2020-12-09T09:19:39.531491+00:00,10.1101/2020.04.15.043893,hypothesis:qfNJFjn_Eeur1nPkWxo-pw
2020-12-09T09:19:39.775098+00:00,10.1101/2020.04.15.043893,hypothesis:qhkJqDn_EeuFyA_J4vNlAQ
2020-12-09T09:19:40.011134+00:00,10.1101/2020.04.15.043893,hypothesis:qj7SeDn_Eeu0rt8b8AjPow
2020-12-09T09:19:40.772890+00:00,10.1101/2020.04.15.043893,hypothesis:qravvjn_EeuVOCu6tgDCrg
2020-12-14T20:15:43.613251+00:00,10.1101/2020.10.14.337949,hypothesis:JNhKEj5JEeuMMAO2sbI4eg
2020-12-14T20:15:43.869131+00:00,10.1101/2020.10.14.337949,hypothesis:JPxjSD5JEeuUTOdrYDnNbw
2020-12-14T20:15:44.872590+00:00,10.1101/2020.10.14.337949,hypothesis:JZYoKj5JEeujoU_vJe5yjA
2020-12-14T20:15:45.135745+00:00,10.1101/2020.10.14.337949,hypothesis:JcG3Qj5JEeu9eStUej1r2w
2020-12-14T23:15:52.957973+00:00,10.1101/2020.09.30.320812,hypothesis:T7Z9Jj5iEeu2fzewpUnwxg
2020-12-14T23:15:53.230590+00:00,10.1101/2020.09.30.320812,hypothesis:T-Fpqj5iEeuUizf3Drfr9g
2020-12-14T23:15:53.488327+00:00,10.1101/2020.09.30.320812,hypothesis:UAdVjj5iEeuRZSds9mqsew
2020-12-14T23:15:53.825922+00:00,10.1101/2020.09.30.320812,hypothesis:UEZoZD5iEeup1X-yQZbqVg
2020-12-18T00:15:22.002033+00:00,10.1101/2020.05.05.077156,hypothesis:HkakgEDGEeu9gZfZfDQc2w
2020-12-18T00:15:22.977551+00:00,10.1101/2020.05.05.077156,hypothesis:HtboGkDGEeuT_GMvt1lBUA
2020-12-18T00:15:23.217531+00:00,10.1101/2020.05.05.077156,hypothesis:Hv8veEDGEeu9qAus-r8ZMQ
2020-12-18T00:15:23.980286+00:00,10.1101/2020.05.05.077156,hypothesis:H3XzGkDGEeuHT0MlkzhE3A
2021-01-28T00:17:05.978855+00:00,10.1101/2020.11.23.394924,hypothesis:Jy-XKmD-EeupZHsI5T5IJg
2021-01-28T00:17:06.249279+00:00,10.1101/2020.11.23.394924,hypothesis:J1W77mD-EeuTlQN7J4JbLw
2021-01-28T00:17:06.479424+00:00,10.1101/2020.11.23.394924,hypothesis:J3kv6GD-EeuW1-P00zWfoQ
2021-01-28T00:17:06.980602+00:00,10.1101/2020.11.23.394924,hypothesis:J8-c1GD-Eeup4NsOrMjwDA
2021-01-29T00:16:12.085456+00:00,10.1101/2020.09.23.310409,hypothesis:MXaATmHHEeuUrSsx8Xfx0g
2021-01-29T00:16:12.288339+00:00,10.1101/2020.09.23.310409,hypothesis:MZavDmHHEeuJPo-SVCIJSA
2021-01-29T00:16:12.544472+00:00,10.1101/2020.09.23.310409,hypothesis:Mb62DGHHEeuvF_fLsjIvfw
2021-01-29T00:16:12.799625+00:00,10.1101/2020.09.23.310409,hypothesis:MeoNIGHHEeuZMTuuDtUQ_A
2021-02-01T17:18:07.195555+00:00,10.1101/2020.11.14.382861,hypothesis:c1v8kGSxEeuztae_0RH5aw
2021-02-01T17:18:07.477468+00:00,10.1101/2020.11.14.382861,hypothesis:c4j7yGSxEeuXKw-gzQG4Lg
2021-02-01T17:18:08.481267+00:00,10.1101/2020.11.14.382861,hypothesis:dCShcmSxEeuo7oMWUblA1w
2021-02-01T17:18:08.798030+00:00,10.1101/2020.11.14.382861,hypothesis:dFZg6mSxEeuSaEt19tsABA
2021-02-06T09:15:35.016566+00:00,10.1101/2020.12.17.423282,hypothesis:3pnXwmhbEeu735MEbAFOeA
2021-02-06T09:15:35.521955+00:00,10.1101/2020.12.17.423282,hypothesis:3uEzQmhbEeuvcUdG2K_4KA
2021-02-06T09:15:36.017025+00:00,10.1101/2020.12.17.423282,hypothesis:3zDwimhbEeuSkpvKiFDfqg
2021-02-06T09:15:36.293650+00:00,10.1101/2020.12.17.423282,hypothesis:31lSlmhbEeulESMgAa2qlg
2021-02-06T09:15:36.851300+00:00,10.1101/2020.12.17.423282,hypothesis:38COZmhbEeuYMccmcdMLmw
2021-02-10T20:55:58.718481+00:00,10.1101/2021.02.01.429116,hypothesis:YGbKnGviEeu-PHMaxoupiQ
2021-02-10T20:59:41.610078+00:00,10.1101/2021.02.01.429116,hypothesis:5Tw3rGviEeu-RENPDgUM2g
2021-02-10T21:05:48.005012+00:00,10.1101/2021.02.01.429116,hypothesis:v7FHumvjEeuczfMZBGHVhQ
2021-02-10T21:15:54.711643+00:00,10.1101/2021.02.01.429116,hypothesis:KVY0SmvlEeuuHoP3fF4t7Q
2021-02-11T12:22:21.362120+00:00,10.1101/2021.02.08.430253,hypothesis:ykuFwGxjEeud1W-H7CsOUA
2021-02-11T12:26:42.434147+00:00,10.1101/2021.02.08.430253,hypothesis:ZeVDuGxkEeuufgu00WQxaw
2021-02-11T12:36:36.192698+00:00,10.1101/2021.02.08.430253,hypothesis:x8b4WmxlEeuAT9N_0D02YQ
2021-02-11T12:38:11.361137+00:00,10.1101/2021.02.08.430253,hypothesis:AHZ3_GxmEeuFisvO5RotSg
2021-02-11T12:48:02.319957+00:00,10.1101/2021.02.08.430253,hypothesis:YLBNDmxnEeuJU8M-xLLZtA
2021-02-12T17:17:29.457210+00:00,10.1101/2020.10.23.351924,hypothesis:L2j9bm1WEeuUVo9SsSUBZw
2021-02-12T17:17:29.746534+00:00,10.1101/2020.10.23.351924,hypothesis:L5a_OG1WEeupAcM1UpMvng
2021-02-12T17:17:30.052973+00:00,10.1101/2020.10.23.351924,hypothesis:L8sj1m1WEeu-_lcdxcbJwA
2021-02-15T13:17:34.772858+00:00,10.1101/2020.11.18.388694,hypothesis:KsICam-QEeu1fcvdvQUTOQ
2021-02-15T13:17:35.245003+00:00,10.1101/2020.11.18.388694,hypothesis:KwgStG-QEeuqItMAmTOQHQ
2021-02-15T13:17:35.768970+00:00,10.1101/2020.11.18.388694,hypothesis:K1fzJG-QEeu1fstxy2rXEQ
2021-02-15T13:17:36.243502+00:00,10.1101/2020.11.18.388694,hypothesis:K6UH4G-QEeubvHs9nsdn2w
2021-02-18T16:16:20.736786+00:00,10.1101/2020.10.14.338806,hypothesis:oykcfHIEEeuhZDe_0-W2KA
2021-02-18T16:16:20.978214+00:00,10.1101/2020.10.14.338806,hypothesis:o01E7nIEEeuiSTsoQK50yQ
2021-02-18T16:16:21.738363+00:00,10.1101/2020.10.14.338806,hypothesis:o8roGHIEEeuPzbfgvXsBTg
2021-02-18T23:17:54.290503+00:00,10.1101/2020.12.17.423313,hypothesis:h0pa5HI_Eeugy29JjU7zkg
2021-02-18T23:17:54.516143+00:00,10.1101/2020.12.17.423313,hypothesis:h27jPHI_EeuorpMixeVsmQ
2021-02-18T23:17:55.516436+00:00,10.1101/2020.12.17.423313,hypothesis:iAjOSHI_EeugCRO4poeLgQ
2021-02-19T09:23:08.849581+00:00,10.1101/2020.11.27.400200,hypothesis:FHQMLHKUEeuJiwf2zLywFw
2021-02-19T09:23:09.310468+00:00,10.1101/2020.11.27.400200,hypothesis:FLvSeHKUEeuqovMTYZn2yw
2021-02-19T09:23:09.828163+00:00,10.1101/2020.11.27.400200,hypothesis:FQsqHHKUEeusSt9LJ_oyZw
2021-02-19T09:23:10.117450+00:00,10.1101/2020.11.27.400200,hypothesis:FTlH-HKUEeu2Re_9t2Hu3g
2021-03-02T15:27:36.728207+00:00,10.1101/2020.12.08.415984,hypothesis:0UUeGntrEeuk0FeDVanyKA
2021-03-02T15:27:36.982925+00:00,10.1101/2020.12.08.415984,hypothesis:0W9JkntrEeu8sr84FUAKgg
2021-03-02T15:27:37.273713+00:00,10.1101/2020.12.08.415984,hypothesis:0Zs2fntrEeu28IcFtwcA3A
2021-03-03T21:18:43.197263+00:00,10.1101/2020.10.09.333666,hypothesis:CEiTOHxmEeu1pLMki0o4nQ
2021-03-03T21:18:44.193503+00:00,10.1101/2020.10.09.333666,hypothesis:CN6DPnxmEeu55dvTbFTf6g
2021-03-03T21:18:44.430761+00:00,10.1101/2020.10.09.333666,hypothesis:CQXAFnxmEeu1STs5dtL3sA
2021-03-05T17:17:43.315785+00:00,10.1101/2020.10.08.331769,hypothesis:slp4Fn3WEeu8ePMGTMG-1w
2021-03-05T17:17:43.566859+00:00,10.1101/2020.10.08.331769,hypothesis:sn0vRn3WEeuYo6OesLbclA
2021-03-05T17:17:44.326669+00:00,10.1101/2020.10.08.331769,hypothesis:svYsNH3WEeunr68UbTJUuw
2021-03-06T11:15:59.896672+00:00,10.1101/2020.11.23.394148,hypothesis:VIK0jH5tEeuT9edLhXbDDg
2021-03-06T11:16:00.129518+00:00,10.1101/2020.11.23.394148,hypothesis:VKdTCn5tEeu1IQulNKdlHg
2021-03-06T11:16:00.901570+00:00,10.1101/2020.11.23.394148,hypothesis:VRtcln5tEeu-8mtTeOmTZg
2021-03-06T11:16:01.415602+00:00,10.1101/2020.11.23.394148,hypothesis:VWleqn5tEeuZSLMQuYyPOw
2021-03-09T14:16:35.077439+00:00,10.1101/2020.10.09.333666,hypothesis:DgcqDIDiEeu64rOhDnTgQA
2021-03-09T14:16:35.327589+00:00,10.1101/2020.10.09.333666,hypothesis:Diy3uIDiEeu3tq9dfvHmcg
2021-03-09T14:16:35.588537+00:00,10.1101/2020.10.09.333666,hypothesis:DlakQoDiEeuIR4uhh_QKKA
2021-03-09T17:18:17.819636+00:00,10.1101/2020.04.02.022632,hypothesis:cJK3NoD7EeuhF5v5iGfPJw
2021-03-09T17:18:18.093392+00:00,10.1101/2020.04.02.022632,hypothesis:cLrlWID7EeufPYvbQ6qxEw
2021-03-09T17:18:18.352942+00:00,10.1101/2020.04.02.022632,hypothesis:cOJiQID7EeuZzG-z4178mw
2021-03-09T17:18:18.593173+00:00,10.1101/2020.04.02.022632,hypothesis:cQaD0oD7EeuDVjdWmImhmQ
2021-03-09T19:17:14.544010+00:00,10.1101/2020.12.20.423079,hypothesis:DmQRhIEMEeuf8ouBi4ltHw
2021-03-09T19:17:14.835444+00:00,10.1101/2020.12.20.423079,hypothesis:Do-JNoEMEeugwfN9A2H8OA
2021-03-09T19:17:15.094409+00:00,10.1101/2020.12.20.423079,hypothesis:DrU5TIEMEeuE3_dsLACSvQ
2021-03-09T19:17:15.836685+00:00,10.1101/2020.12.20.423079,hypothesis:DykGfoEMEeu60_sEXj4irw
2021-03-09T19:17:16.132980+00:00,10.1101/2020.12.20.423079,hypothesis:D10_cIEMEeuQEVc0RdV6QA
2021-03-10T15:17:34.498078+00:00,10.1101/2021.01.11.425955,hypothesis:vaIVXoGzEeuIiXtuvpU4sA
2021-03-10T15:17:34.784038+00:00,10.1101/2021.01.11.425955,hypothesis:vcyBGIGzEeuKD-cFgPk_IQ
2021-03-10T15:17:35.783176+00:00,10.1101/2021.01.11.425955,hypothesis:vmRLGoGzEeu5KIsX08x9Xw
2021-03-10T15:17:36.077658+00:00,10.1101/2021.01.11.425955,hypothesis:vpO9KIGzEeuSYksyKuPOQw
2021-03-10T23:17:23.093332+00:00,10.1101/2020.12.29.424694,hypothesis:xPgTGoH2Eeu7Ghe0cR2Yww
2021-03-10T23:17:23.397804+00:00,10.1101/2020.12.29.424694,hypothesis:xSQstoH2Eeul70eYnvGTeQ
2021-03-10T23:17:23.634774+00:00,10.1101/2020.12.29.424694,hypothesis:xUvCHIH2EeueR5P2jIo4iQ
2021-03-12T09:28:57.295225+00:00,10.1101/665166,hypothesis:XtQNEoMVEeug14NnH75g9A
2021-03-12T09:28:57.832196+00:00,10.1101/665166,hypothesis:XyVjTIMVEeuSuSdsapw2rw
2021-03-12T09:28:58.060676+00:00,10.1101/665166,hypothesis:X0aHDIMVEeuW7k92Iswq3g
2021-03-12T09:28:58.698940+00:00,10.1101/2020.02.10.942854,hypothesis:X6tXSoMVEeu-fEtwY6JhEw
2021-03-12T09:28:59.153786+00:00,10.1101/2020.02.10.942854,hypothesis:X-8R7IMVEeu6r_MXYSX_JA
2021-03-12T09:28:59.658557+00:00,10.1101/2020.02.10.942854,hypothesis:YDj7DoMVEeu5nAvYg4-fzg
2021-03-12T09:28:59.844441+00:00,10.1101/2020.02.10.942854,hypothesis:YFYWdoMVEeujLx-gAzFHzQ
2021-03-16T15:18:43.186253+00:00,10.1101/2021.01.08.425928,hypothesis:5QnIVoZqEeuw8_tWNoJE9g
2021-03-16T15:18:43.442152+00:00,10.1101/2021.01.08.425928,hypothesis:5S-aXoZqEeuTQScFqS2Blw
2021-03-16T15:18:43.672078+00:00,10.1101/2021.01.08.425928,hypothesis:5VPnTIZqEeuyuUugA0ZZbQ
2021-03-16T16:19:10.256988+00:00,10.1101/2021.01.05.425406,hypothesis:VvXddoZzEeuLbyuD7AIQ4g
2021-03-16T16:19:11.258489+00:00,10.1101/2021.01.05.425406,hypothesis:V45dYoZzEeusYzczFhm-5w
2021-03-16T16:19:11.581989+00:00,10.1101/2021.01.05.425406,hypothesis:V77xDIZzEeuG_W9fWjrJZw
2021-03-16T16:19:11.893967+00:00,10.1101/2021.01.05.425406,hypothesis:V-9EaoZzEeu6lEstZcaTlQ
2021-03-18T13:18:03.147097+00:00,10.1101/2020.09.10.291997,hypothesis:XnbmfofsEeuYGbe_MD8LBw
2021-03-18T13:18:03.391111+00:00,10.1101/2020.09.10.291997,hypothesis:Xp2zWIfsEeuEXNcClfNCkg
2021-03-18T13:18:03.911617+00:00,10.1101/2020.09.10.291997,hypothesis:XutXmIfsEeudRcMoGqEyWQ
2021-03-18T13:18:04.158319+00:00,10.1101/2020.09.10.291997,hypothesis:Xxew4IfsEeuTz-_8_JrfCA
2021-03-18T20:28:39.555088+00:00,10.1101/2020.02.25.963017,hypothesis:hi29bogoEeulPJtWdOLyfA
2021-03-18T20:28:39.887029+00:00,10.1101/2020.02.25.963017,hypothesis:hl8M_IgoEeupzQPZGB6jnQ
2021-03-18T20:28:40.557183+00:00,10.1101/2020.02.25.963017,hypothesis:htQsqIgoEeukhPfablH9mw
2021-03-24T08:15:44.390252+00:00,10.1101/2021.01.15.426784,hypothesis:IWns6ox5Eeu0w4crCVH_Hw
2021-03-24T08:15:45.387498+00:00,10.1101/2021.01.15.426784,hypothesis:If-ywIx5Eeutt1sGyKirTQ
2021-03-24T08:15:45.674952+00:00,10.1101/2021.01.15.426784,hypothesis:IiuQrIx5EeuO3lNl0k9izw
2021-03-24T08:15:46.222595+00:00,10.1101/2021.01.15.426784,hypothesis:IoCiDox5EeuzFfNNQxfu6g
2021-03-25T12:18:09.030547+00:00,10.1101/2020.10.23.351924,hypothesis:KRzslI1kEeujx5d0rzLlVQ
2021-03-25T12:18:09.303294+00:00,10.1101/2020.10.23.351924,hypothesis:KUKAHI1kEeuksRus6DU_BA
2021-03-25T12:18:09.553853+00:00,10.1101/2020.10.23.351924,hypothesis:KW_5_I1kEeuHggdaK1lUAQ
2021-03-26T19:17:02.223627+00:00,10.1101/2020.12.02.408138,hypothesis:2BKJ7o5nEeuFFRME2MWRbg
2021-03-26T19:17:02.525514+00:00,10.1101/2020.12.02.408138,hypothesis:2DyhhI5nEeu0m3M_uDuudA
2021-03-26T19:17:02.787131+00:00,10.1101/2020.12.02.408138,hypothesis:2Gfuoo5nEeu8gAvUUJHOPA
2021-03-26T19:17:03.534888+00:00,10.1101/2020.12.02.408138,hypothesis:2ODDLI5nEeu0nEMW0PIe6A
2021-03-29T16:18:34.464361+00:00,10.1101/2021.02.03.428245,hypothesis:aPqHppCqEeuAPO8oN8rx-Q
2021-03-29T16:18:34.694398+00:00,10.1101/2021.02.03.428245,hypothesis:aRyocpCqEeuBqaOI33240g
2021-03-29T16:18:35.693646+00:00,10.1101/2021.02.03.428245,hypothesis:abVkfJCqEeuef2crM_wd7g
2021-03-29T16:18:36.042351+00:00,10.1101/2021.02.03.428245,hypothesis:afe3MpCqEeuKy2fc3oDLzA
2021-03-30T20:07:40.281591+00:00,10.1101/2021.03.18.436011,hypothesis:lJ_D0pGTEeuSJs9eso9u9A
2021-03-30T20:11:27.055189+00:00,10.1101/2021.03.18.436011,hypothesis:G9USTpGUEeuTlO_Z8M4X9Q
2021-03-30T20:14:02.810568+00:00,10.1101/2021.03.18.436011,hypothesis:eK3TmJGUEeuxN-s-q8HCCg
2021-03-30T20:34:38.302367+00:00,10.1101/2021.03.18.436011,hypothesis:WQxC9pGXEeudsjcX_MKkqg
2021-03-30T21:01:18.678870+00:00,10.1101/2020.11.26.399964,hypothesis:EwB56pGbEeuY3PvjWccElA
2021-03-30T21:02:52.720351+00:00,10.1101/2020.11.26.399964,hypothesis:SvkMSpGbEeutA6ffWwMnrw
2021-03-30T21:20:15.166898+00:00,10.1101/2020.11.26.399964,hypothesis:uGfFCJGdEeuTrOtJdV0Xfw
2021-03-30T21:23:58.389528+00:00,10.1101/2020.10.28.359182,hypothesis:PXK6tJGeEeuVzWe2sFWhgw
2021-03-30T21:25:10.277920+00:00,10.1101/2020.10.28.359182,hypothesis:aEfdeJGeEeurFbf_JU_A3A
2021-03-30T21:27:06.290671+00:00,10.1101/2020.10.28.359182,hypothesis:rW4ZqJGeEeuCeh_Dh-owLg
2021-03-30T21:28:58.492394+00:00,10.1101/2020.10.28.359182,hypothesis:8E7eOJGeEeu-1r8EZQZgjA
2021-04-03T11:16:17.218107+00:00,10.1101/2021.02.09.430419,hypothesis:AmbGhpRuEeukTS_zyqYD3A
2021-04-03T11:16:17.432165+00:00,10.1101/2021.02.09.430419,hypothesis:AohLqJRuEeuZLnNdW3ZjOQ
2021-04-03T11:16:18.433586+00:00,10.1101/2021.02.09.430419,hypothesis:AyD7KJRuEeuZL1-_nIHwYw
2021-04-03T11:16:18.669055+00:00,10.1101/2021.02.09.430419,hypothesis:A0LuLJRuEeukTksuhkubNg
2021-04-03T11:16:19.141624+00:00,10.1101/2021.02.09.430419,hypothesis:A4qQupRuEeupTE-kHuMJdw
2021-04-09T14:23:16.362722+00:00,10.1101/2021.02.15.431207,hypothesis:IATBSpk_EeuZkRc6whlbMQ
2021-04-09T14:23:16.675163+00:00,10.1101/2021.02.15.431207,hypothesis:IDP2cpk_EeuSbhNNokvrjg
2021-04-09T14:23:17.363486+00:00,10.1101/2021.02.15.431207,hypothesis:IJw9LJk_EeumNldRinuwNA
2021-04-09T14:23:17.937560+00:00,10.1101/2021.02.15.431207,hypothesis:IP9IzJk_EeuPMX8Oza8toQ
2021-04-12T17:17:24.563591+00:00,10.1101/2021.02.08.430250,hypothesis:8t61GpuyEeuupSdaSvQ-SQ
2021-04-12T17:17:25.563171+00:00,10.1101/2021.02.08.430250,hypothesis:83W21puyEeua-jM7MMatWA
2021-04-12T17:17:25.884915+00:00,10.1101/2021.02.08.430250,hypothesis:86e9_JuyEeuo8k9odhaBiA
2021-04-12T17:17:26.185298+00:00,10.1101/2021.02.08.430250,hypothesis:89XMJJuyEeuaHENfs5vL-g
2021-04-12T17:17:26.518182+00:00,10.1101/2021.02.08.430250,hypothesis:9A47zJuyEeu-8vOZMVMkzg
2021-04-15T17:20:50.320203+00:00,10.1101/2021.01.18.427072,hypothesis:7MWncJ4OEeuGkbuWC22T4A
2021-04-15T17:20:50.669357+00:00,10.1101/2021.01.18.427072,hypothesis:7POdzp4OEeu_DbdFXkoTgQ
2021-04-15T17:20:51.312393+00:00,10.1101/2021.01.18.427072,hypothesis:7VlBnJ4OEeu6BffgHl-VqA
2021-04-15T17:20:51.710131+00:00,10.1101/2021.01.18.427072,hypothesis:7ZcmQp4OEeuqZlNLa9KM5A
2021-04-15T19:27:47.104445+00:00,10.1101/2021.04.12.439419,hypothesis:qNqddJ4gEeuoiYfGgd2W7w
2021-04-15T19:30:25.482764+00:00,10.1101/2021.04.12.439419,hypothesis:B0Ab0p4hEeuCxw-ceL-rCg
2021-04-15T19:31:43.281579+00:00,10.1101/2021.04.12.439419,hypothesis:NYxcTp4hEeuGR9_z85Dscw
2021-04-15T19:45:16.291922+00:00,10.1101/2021.04.12.439419,hypothesis:GlLHuJ4jEeu9dYc2p1sHUA
2021-04-15T19:49:25.870904+00:00,10.1101/2021.03.31.437812,hypothesis:ruzrBp4jEeu_lrPlJaJ4Hg
2021-04-15T19:50:29.960512+00:00,10.1101/2021.03.31.437812,hypothesis:1TAo0p4jEeuSTJNriWEHMQ
2021-04-15T19:52:22.570363+00:00,10.1101/2021.03.31.437812,hypothesis:GEJTFp4kEeurBuPTkqxQYQ
2021-04-15T19:59:46.665209+00:00,10.1101/2021.03.31.437812,hypothesis:IQqCYJ4lEeuopFNUgHFqFQ
2021-04-21T15:16:02.091122+00:00,10.1101/2021.02.13.430688,hypothesis:e-ZacqK0EeuVYh8F2Opjpg
2021-04-21T15:16:02.396676+00:00,10.1101/2021.02.13.430688,hypothesis:fBcffKK0Eeubkg-61iUATw
2021-04-21T15:16:02.751234+00:00,10.1101/2021.02.13.430688,hypothesis:fFOn0KK0Eeu68HPXxC7T3A
2021-04-23T11:17:13.102119+00:00,10.1101/2020.10.15.333963,hypothesis:c_hT1KQlEeus91-Nh8zDBQ
2021-04-23T11:17:14.099967+00:00,10.1101/2020.10.15.333963,hypothesis:dJD6vKQlEeuVUYPAF354jg
2021-04-23T11:17:14.359395+00:00,10.1101/2020.10.15.333963,hypothesis:dLp8IKQlEeuQGLuCUkdQfA
2021-04-23T15:15:53.387955+00:00,10.1101/2021.02.05.429932,hypothesis:y40baKRGEeu53kO6sEz0QA
2021-04-23T15:15:53.687288+00:00,10.1101/2021.02.05.429932,hypothesis:y7QZAqRGEeuazzOoPzt2aw
2021-04-23T15:15:54.387662+00:00,10.1101/2021.02.05.429932,hypothesis:zCF9dqRGEeuwCB8VfFgPrQ
2021-04-23T15:15:54.762830+00:00,10.1101/2021.02.05.429932,hypothesis:zGDIlqRGEeui3M_FEzLFeQ
2021-04-27T17:52:11.675781+00:00,10.1101/2020.10.15.333963,hypothesis:SzyqMKeBEeukHw8mFt8Sjw
2021-04-29T18:34:52.407195+00:00,10.1101/2021.03.11.434953,hypothesis:ljfCLqkZEeugyccU-WH_Dw
2021-04-29T18:34:52.747865+00:00,10.1101/2021.03.11.434953,hypothesis:lm0VHqkZEeubEVONUGykeA
2021-04-29T18:34:53.413253+00:00,10.1101/2021.03.11.434953,hypothesis:ls-suqkZEeugyjt1tplQHw
2021-04-29T18:34:53.915608+00:00,10.1101/2021.03.11.434953,hypothesis:lzpWAKkZEeuYBHdRAGidBQ
2021-05-03T11:15:38.043602+00:00,10.1101/2020.02.14.949701,hypothesis:43ELTKwAEeu2G4u3SQD9LQ
2021-05-03T11:15:38.305279+00:00,10.1101/2020.02.14.949701,hypothesis:45q7IqwAEeumrlsBGBRV4A
2021-05-03T11:15:39.306551+00:00,10.1101/2020.02.14.949701,hypothesis:5DN7lqwAEeupkQPLSbETRQ
2021-05-03T11:15:39.600268+00:00,10.1101/2020.02.14.949701,hypothesis:5GK7QKwAEeu2N59zm4vy2Q
2021-05-03T15:51:57.466398+00:00,10.1101/2021.04.26.441410,hypothesis:faVkTqwnEeujmCcWuNT7UQ
2021-05-03T15:54:34.696189+00:00,10.1101/2021.04.26.441410,hypothesis:21tDkqwnEeumPpOK73-iEA
2021-05-03T15:56:55.560302+00:00,10.1101/2021.04.26.441410,hypothesis:L2CHzKwoEeu1v89z3UNDrg
2021-05-03T16:07:29.857045+00:00,10.1101/2021.04.26.441410,hypothesis:qXZSZqwpEeuxVfcCm7DvfA
2021-05-04T08:18:48.763582+00:00,10.1101/2021.03.03.433804,hypothesis:Wj0_uqyxEeuXX79OTLXsWg
2021-05-04T08:18:49.200663+00:00,10.1101/2021.03.03.433804,hypothesis:Wn0tqqyxEeun7tsl4teXsw
2021-05-04T08:18:49.764702+00:00,10.1101/2021.03.03.433804,hypothesis:WtS9hqyxEeuWac-FVXTe-A
2021-05-04T08:18:50.207323+00:00,10.1101/2021.03.03.433804,hypothesis:Wxk3XqyxEeumibM0aOarWQ
2021-05-04T11:17:01.471532+00:00,10.1101/2021.01.31.428851,hypothesis:P5d8jqzKEeuP09_A_SzpZg
2021-05-04T11:17:01.938820+00:00,10.1101/2021.01.31.428851,hypothesis:P9xFbKzKEeuh1yPnuhZ2Dw
2021-05-04T11:17:02.393051+00:00,10.1101/2021.01.31.428851,hypothesis:QCPBsqzKEeuAacc9W2FPwQ
2021-05-06T16:17:08.152940+00:00,10.1101/2021.02.23.432498,hypothesis:gToM3q6GEeu5hDtZu7p36Q
2021-05-06T16:17:08.373458+00:00,10.1101/2021.02.23.432498,hypothesis:gVtGQq6GEeu5J3Plw85CMQ
2021-05-06T16:17:09.151438+00:00,10.1101/2021.02.23.432498,hypothesis:gdKocq6GEeuhZmN8FrJiOw
2021-05-06T23:16:19.020575+00:00,10.1101/2021.01.18.427171,hypothesis:EFEGcq7BEeu6oNcHJ-QxCA
2021-05-06T23:16:19.289955+00:00,10.1101/2021.01.18.427171,hypothesis:EHqmiq7BEeupYed3IOYArA
2021-05-06T23:16:20.291573+00:00,10.1101/2021.01.18.427171,hypothesis:ERKS2K7BEeuikh9CrHil1A
2021-05-06T23:16:21.291430+00:00,10.1101/2021.01.18.427171,hypothesis:EbCNbK7BEeu9gR_ea6pdCw
2021-05-07T17:18:57.223047+00:00,10.1101/2020.09.01.277764,hypothesis:TmxAdK9YEeuQ4DfXJEB6Bg
2021-05-07T17:18:58.217530+00:00,10.1101/2020.09.01.277764,hypothesis:TwK22q9YEeuPfTO8rs3pQQ
2021-05-07T17:18:58.455832+00:00,10.1101/2020.09.01.277764,hypothesis:Tyrh3K9YEeuFkP9urKoHCA
2021-05-07T17:18:59.222757+00:00,10.1101/2020.09.01.277764,hypothesis:T6JxZq9YEeuahCMZT5ENKA
2021-05-08T19:16:28.227199+00:00,10.1101/2021.02.28.431778,hypothesis:445v9LAxEeukylsYTJq7WQ
2021-05-08T19:16:28.459116+00:00,10.1101/2021.02.28.431778,hypothesis:47JqRLAxEeuFm_s0stEI0w
2021-05-08T19:16:28.723556+00:00,10.1101/2021.02.28.431778,hypothesis:49jaHLAxEeum7GsWQKPLGQ
2021-05-08T19:16:29.226571+00:00,10.1101/2021.02.28.431778,hypothesis:5Cl0DrAxEeul-GvvljtEjA
2021-05-10T13:18:01.127923+00:00,10.1101/2021.02.11.430597,hypothesis:JSw3lrGSEeuY799bnnjYng
2021-05-10T13:18:01.418608+00:00,10.1101/2021.02.11.430597,hypothesis:JVaA3LGSEeusNjOy4_QkwA
2021-05-10T13:18:02.421289+00:00,10.1101/2021.02.11.430597,hypothesis:Je_1HrGSEeuTKDeN9cwd4g
2021-05-10T13:18:03.422718+00:00,10.1101/2021.02.11.430597,hypothesis:JpINXrGSEeuAQ5OLWHl7Kg
2021-05-19T09:46:15.227104+00:00,10.1101/2020.11.18.389296,hypothesis:DcNaUriHEeuFprNvy6UMwA
2021-05-19T09:46:32.288128+00:00,10.1101/2020.11.18.389296,hypothesis:F-l8ALiHEeujQHde0XNNKw
2021-05-19T09:46:54.301736+00:00,10.1101/2020.11.18.389296,hypothesis:JQj6briHEeuN66O-UM30rw
2021-05-19T09:47:17.842454+00:00,10.1101/2020.11.18.389296,hypothesis:MvQITriHEeutMQOAwfFwFA
2021-05-20T12:16:57.944098+00:00,10.1101/2020.12.22.423903,hypothesis:Rd55arllEeuloWNopvrcpw
2021-05-20T12:16:58.213943+00:00,10.1101/2020.12.22.423903,hypothesis:RgNNErllEeuJ22OifgXgGg
2021-05-20T12:16:58.649644+00:00,10.1101/2020.12.22.423903,hypothesis:RkmYMLllEeul7ns3j-Or7A
2021-05-20T12:16:59.653679+00:00,10.1101/2020.12.22.423903,hypothesis:Rue0cLllEeul778KPqw2Qg
2021-05-24T16:18:01.931290+00:00,10.1101/2021.02.24.432724,hypothesis:nLjM4ryrEeuaZ9eAauZWXw
2021-05-24T16:18:02.436599+00:00,10.1101/2021.02.24.432724,hypothesis:nQUdIryrEeuqfi8TptAcag
2021-05-24T16:18:03.432658+00:00,10.1101/2021.02.24.432724,hypothesis:nZxxQLyrEeu3yhv_Tav36w
2021-05-24T16:18:03.912082+00:00,10.1101/2021.02.24.432724,hypothesis:neaYzryrEeuGBJchdyMNpw
2021-05-28T11:16:40.473889+00:00,10.1101/2020.05.12.090571,hypothesis:LPrMVL-mEeuGzNOpkgwF4Q
2021-05-28T11:16:40.692642+00:00,10.1101/2020.05.12.090571,hypothesis:LR1Q2r-mEeujzCth5K5Bug
2021-05-28T11:16:41.160765+00:00,10.1101/2020.05.12.090571,hypothesis:LWPv_r-mEeuTVeOuuGoMyw
2021-05-28T11:16:42.162029+00:00,10.1101/2020.05.12.090571,hypothesis:LgbsQL-mEeusp0umJ0WSbw
2021-06-01T17:18:34.379285+00:00,10.1101/2021.03.13.435246,hypothesis:ZSNLTML9EeunBbt3fLul1g
2021-06-01T17:18:34.649205+00:00,10.1101/2021.03.13.435246,hypothesis:ZUkqnML9EeuYGVdHphFouw
2021-06-01T17:18:35.113314+00:00,10.1101/2021.03.13.435246,hypothesis:ZZLbJML9Eeuc4LuH0uj2eA
2021-06-01T17:18:36.115890+00:00,10.1101/2021.03.13.435246,hypothesis:Zi4-ZsL9EeuQYucfuAdqCg
2021-06-07T10:16:29.599229+00:00,10.1101/2021.04.06.438606,hypothesis:bN-uNsd5Eeu-kK-WlDS3jQ
2021-06-07T10:16:30.599634+00:00,10.1101/2021.04.06.438606,hypothesis:bXcbQMd5EeumFoNBCbZKqw
2021-06-07T10:16:31.602246+00:00,10.1101/2021.04.06.438606,hypothesis:bg-ugsd5EeuesTu4uZlCjw
2021-06-07T10:16:32.134656+00:00,10.1101/2021.04.06.438606,hypothesis:bmr_bMd5EeuGAovxYvVngg
2021-06-08T18:17:55.614742+00:00,10.1101/2020.11.17.362277,hypothesis:2LF3msiFEeux__-2Or33Aw
2021-06-08T18:17:55.899552+00:00,10.1101/2020.11.17.362277,hypothesis:2Nt_QMiFEeu7Xlcitb3u7Q
2021-06-08T18:17:56.617545+00:00,10.1101/2020.11.17.362277,hypothesis:2UtEJMiFEeugcE95rjkigg
2021-06-08T18:17:56.992661+00:00,10.1101/2020.11.17.362277,hypothesis:2YrwxMiFEeuknmtDbtjdEg
2021-06-15T10:16:27.021764+00:00,10.1101/2021.03.31.437742,hypothesis:vqDjss3CEeu1yZtjsenkSA
2021-06-15T10:16:27.447043+00:00,10.1101/2021.03.31.437742,hypothesis:vuUl_s3CEeu0MF-7qL0l4w
2021-06-15T10:16:27.995790+00:00,10.1101/2021.03.31.437742,hypothesis:vztGFM3CEeua4JdjtAVuGA
2021-06-15T10:16:28.565319+00:00,10.1101/2021.02.19.431942,hypothesis:v4-G6M3CEeuxSYtVewgYEw
2021-06-15T10:16:29.070111+00:00,10.1101/2021.02.19.431942,hypothesis:v9hOCs3CEeucRuuJ9y6OHg
2021-06-15T10:16:29.284205+00:00,10.1101/2021.02.19.431942,hypothesis:v_sqfs3CEeuuXzM_F5xYmQ
2021-06-15T10:16:30.284996+00:00,10.1101/2021.02.19.431942,hypothesis:wJgPTM3CEeuxhitFulRVmQ
2021-06-16T14:23:42.371907+00:00,10.1101/2021.04.19.440443,hypothesis:c5oDUs6uEeufU1MCzTrMqA
2021-06-16T14:23:42.907850+00:00,10.1101/2021.04.19.440443,hypothesis:c-0xbM6uEeuxKSfCFsRwHw
2021-06-16T14:23:43.440978+00:00,10.1101/2021.04.19.440443,hypothesis:dDxpns6uEeuUkE8yYqdnsg
2021-06-16T14:23:44.444195+00:00,10.1101/2021.04.19.440443,hypothesis:dNii8M6uEeuh7UvpAhr5jw
2021-06-16T14:23:45.205587+00:00,10.1101/2020.11.25.395608,hypothesis:dUyJDs6uEeukT6O_qjfDGA
2021-06-16T14:23:45.780691+00:00,10.1101/2020.11.25.395608,hypothesis:daMQns6uEeu6kNNCa_lTlQ
2021-06-16T14:23:46.205833+00:00,10.1101/2020.11.25.395608,hypothesis:deSiSM6uEeuwtTv_ZQQ3TA
2021-06-16T14:23:46.841900+00:00,10.1101/2021.03.19.21253933,hypothesis:dkOVeM6uEeu528tSOMsMpg
2021-06-16T14:23:47.847185+00:00,10.1101/2021.03.19.21253933,hypothesis:dtyAis6uEeu2ydPapmf-8w
2021-06-16T14:23:48.081605+00:00,10.1101/2021.03.19.21253933,hypothesis:dwIncs6uEeuxKmsbAgWchw
2021-06-16T14:23:48.847044+00:00,10.1101/2021.03.19.21253933,hypothesis:d3o8HM6uEeu_7otoTaXaPQ
2021-06-16T16:18:53.294245+00:00,10.1101/2021.04.17.440266,hypothesis:itS8PM6-Eeu3Dqfd7kRXmw
2021-06-16T16:18:54.289803+00:00,10.1101/2021.04.17.440266,hypothesis:i2wgrs6-EeuU07Mlj_qvYg
2021-06-16T16:18:55.288895+00:00,10.1101/2021.04.17.440266,hypothesis:jARQuM6-EeuWcj_NnPuk3g
2021-06-16T16:18:56.290526+00:00,10.1101/2021.04.17.440266,hypothesis:jJzf1s6-EeuiNdOAfj2vDA
2021-06-18T23:16:26.146515+00:00,10.1101/2021.04.25.441302,hypothesis:NFUoPNCLEeun7-eddskxjg
2021-06-18T23:16:26.414609+00:00,10.1101/2021.04.25.441302,hypothesis:NHzJFNCLEeuVtHPfNKpeXA
2021-06-18T23:16:26.845853+00:00,10.1101/2021.04.25.441302,hypothesis:NLvJytCLEeu80AcUa4ddWQ
2021-06-18T23:16:27.418601+00:00,10.1101/2021.04.25.441302,hypothesis:NRboUNCLEeusR-de0blrmA
2021-06-20T19:18:20.673143+00:00,10.1101/2021.01.07.425786,hypothesis:RlmghtH8Eeu5OBeFLsJhZQ
2021-06-20T19:18:21.669802+00:00,10.1101/2021.01.07.425786,hypothesis:RvFE9NH8Eeu5ngM6LbYUvw
2021-06-20T19:18:22.313694+00:00,10.1101/2021.01.07.425786,hypothesis:R1k2_tH8EeuYcZ_Rayjkgg
2021-06-21T16:18:12.921398+00:00,10.1101/2021.04.25.441339,hypothesis:Rtj3XtKsEeuxky8GCfgkpA
2021-06-21T16:18:13.230433+00:00,10.1101/2021.04.25.441339,hypothesis:RwbfZtKsEeu00lszbwFWQg
2021-06-21T16:18:14.226480+00:00,10.1101/2021.04.25.441339,hypothesis:R51lOtKsEeu7P0_hW0UH_w
2021-06-21T16:18:15.231745+00:00,10.1101/2021.04.25.441339,hypothesis:SD_TnNKsEeuu73PaEuCkPQ
2021-06-28T15:16:38.385610+00:00,10.1101/2021.04.09.438084,hypothesis:1aIKxtgjEeuP2ZcK_1-dRg
2021-06-28T15:16:39.377208+00:00,10.1101/2021.04.09.438084,hypothesis:1jRIjNgjEeur9iczBuXHNw
2021-06-28T15:16:40.377881+00:00,10.1101/2021.04.09.438084,hypothesis:1s5T8NgjEeuZE0u2H_9Zow
2021-06-28T15:16:40.901994+00:00,10.1101/2021.04.09.438084,hypothesis:1yFcitgjEeu_XI8Ao1yloA
2021-06-29T14:19:23.116666+00:00,10.1101/2021.05.12.443751,hypothesis:AHE8nNjlEeuXm3Pfub3ETw
2021-06-29T14:19:23.337678+00:00,10.1101/2021.05.12.443751,hypothesis:AJPVctjlEeu-IXdDFZJiug
2021-06-29T14:19:24.337790+00:00,10.1101/2021.05.12.443751,hypothesis:AS22ENjlEeuSS7s2oXOatA
2021-06-29T14:19:24.961268+00:00,10.1101/2021.05.12.443751,hypothesis:AY8KjNjlEeuj_Ocxf4mCMQ
2021-07-01T11:15:58.701787+00:00,10.1101/2021.04.09.438084,hypothesis:tiOUntpdEeuLz6fPVak2wA
2021-07-01T11:15:59.703833+00:00,10.1101/2021.04.09.438084,hypothesis:trrBAtpdEeuk1wv4sPH5kw
2021-07-01T11:16:00.138255+00:00,10.1101/2021.04.09.438084,hypothesis:tvtFdNpdEeupbJNfYdA73A
2021-07-01T11:16:01.142220+00:00,10.1101/2021.04.09.438084,hypothesis:t5kmaNpdEeunsJ8EtaDn4A
2021-07-01T13:18:17.954775+00:00,10.1101/2021.01.08.21249426,hypothesis:zKnSRNpuEeun4VOL2-1MKQ
2021-07-01T13:18:18.193053+00:00,10.1101/2021.01.08.21249426,hypothesis:zM0U1NpuEeut7bd4HDTIOw
2021-07-01T13:18:18.955324+00:00,10.1101/2021.01.08.21249426,hypothesis:zUOzRtpuEeuNUOv7Nae34g
2021-07-02T08:15:40.032329+00:00,10.1101/2021.04.21.440692,hypothesis:sB2IYNsNEeuRzje2Q7LwOA
2021-07-02T08:15:41.033446+00:00,10.1101/2021.04.21.440692,hypothesis:sLPT4tsNEeuM-lM0jpOb4g
2021-07-02T08:15:42.032247+00:00,10.1101/2021.04.21.440692,hypothesis:sUzPotsNEeuTgFNttouJyw
2021-07-02T08:15:42.517821+00:00,10.1101/2021.04.21.440692,hypothesis:sZul3NsNEeuhjftr4R-aLw
2021-07-08T11:17:10.871439+00:00,10.1101/2021.03.16.435638,hypothesis:CgmGxN_eEeu3Xxu4qGBW1w
2021-07-08T11:17:11.355887+00:00,10.1101/2021.03.16.435638,hypothesis:ClFEUN_eEeumWNe3jyd7uQ
2021-07-08T11:17:11.822871+00:00,10.1101/2021.03.16.435638,hypothesis:CprRLt_eEeuY8qugi8yeNg
2021-07-09T14:22:26.454849+00:00,10.1101/2021.05.02.442186,hypothesis:Fdv7dODBEeuKi-_pkRGuAg
2021-07-09T14:22:27.451384+00:00,10.1101/2021.05.02.442186,hypothesis:FnGcJODBEeu0A894XIpc-Q
2021-07-09T14:22:28.016403+00:00,10.1101/2021.05.02.442186,hypothesis:FsesBODBEeujps8QaBX_rg
2021-07-09T14:22:29.018169+00:00,10.1101/2021.05.02.442186,hypothesis:F2T5tODBEeu8K99SCFDEMg
2021-07-15T16:19:16.120211+00:00,10.1101/2020.10.28.359356,hypothesis:Zmot7OWIEeuDYOPeO7T1wg
2021-07-15T16:19:16.370483+00:00,10.1101/2020.10.28.359356,hypothesis:ZpG7-uWIEeusyeeb6QHRHw
2021-07-15T16:19:16.647354+00:00,10.1101/2020.10.28.359356,hypothesis:ZrqgJOWIEeuqes8eWqiIvA
2021-07-15T16:19:17.371415+00:00,10.1101/2020.10.28.359356,hypothesis:Zyz-7uWIEeuR0zvfdZfQTQ
2021-07-16T16:28:22.170712+00:00,10.1101/2021.05.20.444977,hypothesis:1k757OZSEeuOrrdcGocXvw
2021-07-16T16:28:22.677886+00:00,10.1101/2021.05.20.444977,hypothesis:1pqqQOZSEeuPfcMZ179VwA
2021-07-16T16:28:22.935469+00:00,10.1101/2021.05.20.444977,hypothesis:1sEKvuZSEeuRZ-M2qC3Vwg
2021-07-16T16:28:23.471252+00:00,10.1101/2021.05.20.444977,hypothesis:1x8o2OZSEeuJ-xtHR4Jy0g
2021-07-20T10:18:01.883976+00:00,10.1101/2021.05.12.443743,hypothesis:w6GequlDEeu9XXfHTxnbpA
2021-07-20T10:18:02.131559+00:00,10.1101/2021.05.12.443743,hypothesis:w8hStulDEeuLgYchn3nHdg
2021-07-20T10:18:02.881469+00:00,10.1101/2021.05.12.443743,hypothesis:xDkFaulDEeuCrt8zmPOPDw
2021-07-20T10:18:03.150380+00:00,10.1101/2021.05.12.443743,hypothesis:xGb7bulDEeuir7MC24jZOQ
2021-07-23T09:09:12.777180+00:00,10.1101/2021.07.13.452161,hypothesis:pc0KHuuVEeu5FH81AZcKeA
2021-07-23T09:10:22.995468+00:00,10.1101/2021.07.13.452161,hypothesis:z6NNbOuVEeuuTbNniBUVzw
2021-07-23T09:17:04.183717+00:00,10.1101/2021.07.13.452161,hypothesis:vuJZfOuWEeueYNM1u-sgeg
2021-07-23T09:32:46.909055+00:00,10.1101/2021.06.17.448791,hypothesis:8M2knuuYEeuH2Oe52NzVTA
2021-07-23T09:35:25.012853+00:00,10.1101/2021.06.17.448791,hypothesis:TwZymOuZEeubsleHAfZqVw
2021-07-23T09:37:04.865473+00:00,10.1101/2021.06.17.448791,hypothesis:im3U8uuZEeuuXs-hiAX76g
2021-07-23T10:56:42.553919+00:00,10.1101/2021.06.17.448791,hypothesis:qkypquukEeu-RL-fFOFaeA
2021-07-23T10:59:27.446308+00:00,10.1101/2021.06.23.449580,hypothesis:DI7W2OulEeugkKc9trrAmA
2021-07-23T11:02:03.285071+00:00,10.1101/2021.06.23.449580,hypothesis:aXPGYOulEeufVUceBe6Ksw
