Date,
2020-08-17T09:34:57Z,7a9e97d1-c1fe-4ac2-9572-4ecfe28f9f84
2020-08-17T09:34:45Z,b90854bf-795c-42ba-8664-8257b9c68b0c
2020-08-17T09:34:31Z,4eebcec9-a4bb-44e1-bde3-2ae11e65daaa
2020-08-17T09:34:15Z,32025f28-0506-480e-84a0-b47ef1e92ec5
2020-08-17T09:33:18Z,19b7464a-edbe-42e8-b7cc-04d1eb1f7332
2020-06-25T09:06:23Z,316db7d9-88cc-4c26-b386-f067e0f56334
2020-06-16T16:42:28Z,10360d97-bf52-4aef-b2fa-2f60d319edd8
2020-05-13T12:14:49Z,b560187e-f2fb-4ff9-a861-a204f3fc0fb0
2020-05-20T14:45:41Z,10360d97-bf52-4aef-b2fa-2f60d319edd7
2020-05-27T12:36:51Z,53ed5364-a016-11ea-bb37-0242ac130002
2020-08-04T13:38:51Z,74fd66e9-3b90-4b5a-a4ab-5be83db4c5de
